Workbook
Name a: [1]검토측정!#REF!
Name Actual: #REF!
Name Actual_Date: '[2]Resource Estimation & Tracking'!$O$7
Name b: [1]단계별측정!#REF!
Name change_age: #N/A
Name change_no: #REF!
Name cost_a: #N/A
Name cost_e: #N/A
Name d: [1]단계별측정!#REF!
Name df: [1]검토측정!#REF!
Name e: [1]단계별측정!#REF!
Name effort_change: #N/A
Name effort_review: #N/A
Name effort_rework: #N/A
Name fdsfdsa: [1]소스코드크기측정!#REF!
Name fdsfsda: [1]단계별측정!#REF!
Name Planned: #REF!
Name Planned_Date: '[2]Resource Estimation & Tracking'!$O$6
Name Planned_Total: '[2]Resource Estimation & Tracking'!$O$5
Name req_added: #REF!
Name req_base: #REF!
Name req_changed: #REF!
Name req_deleted: #REF!
Name review_defect: #N/A
Name review_error: #N/A
Name size_code_e: [1]소스코드크기측정!#REF!
Name Total: #REF!
Name total_time: #REF!
Name vr목록: '[3]1. Safety Case'!$J$17:$J$50
Name 목록: '[3]1. Safety Case'!$J$7:$J$50
Name 목록1: '[3]7. DFA 결과'!$K$7:$K$9
Name 목록2: '[3]7. DFA 결과'!$L$7:$L$8
Name 총_Project_기간: '[2]Resource Estimation & Tracking'!$C$10

Sheet Cover
I8: =Cover!F25_ -> #NAME?
C13: Vehicle | E13: : | F13: NX5
C15: Item | E15: : | F15: PLBM
C17: Customer | E17: : | F17: HKMC
C19: Department/Author | E19: : | F19: 전동화SW설계1팀 / 배준역
C21: Document Number | E21: : | F21: =F13&"_"&F15&"-SL_SWE1-DC02" -> NX5_PLBM-SL_SWE1-DC02
C24: Template change Record
C25: Version | D25: Date | E25: Department/Author | H25: Description of Change
C26: 1.0 | D26: 2020.04.01 | E26: 기능안전팀/ 김윤겸, 방지현 | H26: 최초 개정
C27: 1.1 | D27: 2020.04.22 | E27: 기능안전팀/ 김윤겸, 방지현 | H27: 조치 내용' 항목 추가 및 목록 명칭 수정
C28: 1.2 | D28: 2020.06.22 | E28: 기능안전팀/ 김윤겸, 방지현 | H28: - '적용/미적용' 항목 삭제 - 준수율, 부적합율 소수 첫째자리까지 표현 - 관련 문서명 및 버전 - 참석자 관련 역할 정의 - VR 전략 수정 병합하여 작성
C29: 1.3 | D29: 2020.06.30 | E29: 기능안전팀/ 김윤겸, 방지현 | H29: - Sheet 명 수정 - 'Verification Review Report' Sheet 항목 일부 수정 (참석자, 리뷰대상 문서명 및 버전, 사전 점검 자료 저장소, 사전 점검 여부) - 결제창 수정
C30: 1.4 | D30: 2022.02.28 | E30: 기능안전팀/ 김윤겸 | H30: - Verification Review 전략 내용 수정
C31: 1.5 | D31: 2022.04.14 | E31: 기능안전팀/ 김윤겸 | H31: - SYS/ HW/ SW 검증 관련 산출물 Walkthrough Review에 대한 제약 사항 내용 가이드라인에 추가
C32: 1.6 | D32: 2023.03.24 | E32: 기능안전팀/ 박언지 | H32: Summary 시트 수정(PR ID 작성, 상세 심사 내용 작성란 추가 등)
C33: 3 | D33: 2023.03.24 | E33: 기능안전팀/ 박언지 | H33: 템플릿 3.0 개정에 따른 버전업
C34: 3.1 | D34: 2023.11.24 | E34: 기능안전팀/ 임채홍, 정현욱 | H34: Work Product Review Report v3.1 템플릿 적용 - 템플릿 변경에 따른 체크 항목 변경 - 요구사항의 체크내용을 통합하고 각 항목을 상세히 검토 할 수 있도록 수정
C35: 4 | D35: 224.12.31 | E35: 기능안전팀/ 배진호 | H35: Work Product Review Report v4.0 템플릿 적용 - 'Cover'Sheet 수정 - 템플릿 변경에 따른 체크 항목 변경 - 요구사항의 체크내용을 통합하고 각 항목을 상세히 검토 할 수 있도록 수정

Sheet Verification Review Strategy
B1: SL Verification Review Strategy
A4: 1. Verification Review 범위
A5: - 각 프로세스 산출물에 대한 검토 활동을 정의 한다.
A7: 2. Verification Review 수행 방법
A8: - Review는 "Work Product Review Checklist" 기준으로 수행하고, 기능안전팀 프로세스 각 담당자들은 Review 수행 이전에 체크리스트 항목, Review 방법에 대해 작성자 및 Review 참석들에게 가이드를 해야 한다.
A10: - Review는 ASPICE 프로세스가 적용되거나 기능안전의 경우 ASIL B 이상의 아이템인 경우 "Inspection" 방법으로 수행하고, 그 외의 경우에는 "Walkthrough"방법으로 수행한다.
A12: - Review의 주관은 문서 작성자(Author)가 주관 하고, Review 참석자들에게 Review 일주일전에 참석을 요청 한다.
A14: - "Walkthrough"의 경우, 문서 작성자(Author)는 Review 이전에 작성한 산출물에 대해 체크리스트 기반으로 사전 검토 후 참석 한다.
A16: - "Inspection"의 경우, 문서 작성자(Author)는 작성 완료 된 산출물 및 체크리스트를 Review 참석자들에게 Review 일주일전에 배포하고, Review 참석자들은 전달받은 산출물을 체크리스트 기반으로 사전 점검 하여 Review에 참석 한다.
A18: - 산출물 Review 수행 시, Review 수행에 대한 독립성은 다음 기준을 참고 하여, Project plan의 Verification Strategy 수립 시, 반영 한다.
A19: (I0 : 옵션, 다른 사람으로부터, I1 : 필수, 다른 사람으로부터, I2 : 필수, 다른 팀의 사람으로부터, I3 : 필수, 다른 회사의 사람으로부터)
A21: - 각 R&R 별로, (정), (부)의 관계를 가지고 담당자들이 프로세스를 수행 하는 경우에는, Review에는 (정)으로 되어 있는 담당자가 참석하고, (정) 담당자가 Review 참석 불가 할 경우, (부) 담당자가 참석 한다.
A22: Review 진행 조건은, Reviewer가 3인 이상 참석 할 경우, 진행이 가능 하다. (단, 각 Role 별로 1명씩은 필수 참석 해야 되고, (부) 담당자로만 2명 이상으로 구성 될 경우, Review는 진행 하지 않고 연기 한다.)
... A48: 프로젝트마다 마일스톤 및 Lifecycle 운영 전략이 다르므로, 참고로 활용 하고 상세 Review Criteria는 E PM 주관으로 각 프로젝트에서 상세히 정의 한다.

Sheet Verification Review Summary
A1: "Software Requirements Specification" Verification Review Summary
B4: Status of Review
B5: 준수율 (%) | C5: ='Verification Review Report '!O4 -> 1
B6: 부적합 율 (%) | C6: ='Verification Review Report '!Q5 / ('Verification Review Report '!Q4 + 'Verification Review Report '!Q5) -> 0
B18: 부적합 번호 | D18: 부적합 체크리스트 내용 | E18: 상세 심사내용 | F18: 조치 확인자 | G18: Non-conformance ID
B19: {=IFERROR(INDEX(#REF!, MATCH(1, ( COUNTIF('Verification Review Summary'!$B$18:B18,#REF!) = 0) * ("NG" =#REF!), 0)), "")} | D19: =IFERROR(VLOOKUP(B19,#REF!,2,FALSE),"") | E19: =IFERROR(VLOOKUP(B19,#REF!,9,FALSE),"")
B20: {=IFERROR(INDEX(#REF!, MATCH(1, ( COUNTIF('Verification Review Summary'!$B$18:B19,#REF!) = 0) * ("NG" =#REF!), 0)), "")} | D20: =IFERROR(VLOOKUP(B20,#REF!,2,FALSE),"") | E20: =IFERROR(VLOOKUP(B20,#REF!,9,FALSE),"")
B21: {=IFERROR(INDEX(#REF!, MATCH(1, ( COUNTIF('Verification Review Summary'!$B$18:B20,#REF!) = 0) * ("NG" =#REF!), 0)), "")} | D21: =IFERROR(VLOOKUP(B21,#REF!,2,FALSE),"") | E21: =IFERROR(VLOOKUP(B21,#REF!,9,FALSE),"")
B22: {=IFERROR(INDEX(#REF!, MATCH(1, ( COUNTIF('Verification Review Summary'!$B$18:B21,#REF!) = 0) * ("NG" =#REF!), 0)), "")} | D22: =IFERROR(VLOOKUP(B22,#REF!,2,FALSE),"") | E22: =IFERROR(VLOOKUP(B22,#REF!,9,FALSE),"")
B23: {=IFERROR(INDEX(#REF!, MATCH(1, ( COUNTIF('Verification Review Summary'!$B$18:B22,#REF!) = 0) * ("NG" =#REF!), 0)), "")} | D23: =IFERROR(VLOOKUP(B23,#REF!,2,FALSE),"") | E23: =IFERROR(VLOOKUP(B23,#REF!,9,FALSE),"")
B24: {=IFERROR(INDEX(#REF!, MATCH(1, ( COUNTIF('Verification Review Summary'!$B$18:B23,#REF!) = 0) * ("NG" =#REF!), 0)), "")} | D24: =IFERROR(VLOOKUP(B24,#REF!,2,FALSE),"") | E24: =IFERROR(VLOOKUP(B24,#REF!,9,FALSE),"")
B25: {=IFERROR(INDEX(#REF!, MATCH(1, ( COUNTIF('Verification Review Summary'!$B$18:B24,#REF!) = 0) * ("NG" =#REF!), 0)), "")} | D25: =IFERROR(VLOOKUP(B25,#REF!,2,FALSE),"") | E25: =IFERROR(VLOOKUP(B25,#REF!,9,FALSE),"")
B26: {=IFERROR(INDEX(#REF!, MATCH(1, ( COUNTIF('Verification Review Summary'!$B$18:B25,#REF!) = 0) * ("NG" =#REF!), 0)), "")} | D26: =IFERROR(VLOOKUP(B26,#REF!,2,FALSE),"") | E26: =IFERROR(VLOOKUP(B26,#REF!,9,FALSE),"")
B27: {=IFERROR(INDEX(#REF!, MATCH(1, ( COUNTIF('Verification Review Summary'!$B$18:B26,#REF!) = 0) * ("NG" =#REF!), 0)), "")} | D27: =IFERROR(VLOOKUP(B27,#REF!,2,FALSE),"") | E27: =IFERROR(VLOOKUP(B27,#REF!,9,FALSE),"")
B28: {=IFERROR(INDEX(#REF!, MATCH(1, ( COUNTIF('Verification Review Summary'!$B$18:B27,#REF!) = 0) * ("NG" =#REF!), 0)), "")} | D28: =IFERROR(VLOOKUP(B28,#REF!,2,FALSE),"") | E28: =IFERROR(VLOOKUP(B28,#REF!,9,FALSE),"")
B29: {=IFERROR(INDEX(#REF!, MATCH(1, ( COUNTIF('Verification Review Summary'!$B$18:B28,#REF!) = 0) * ("NG" =#REF!), 0)), "")} | D29: =IFERROR(VLOOKUP(B29,#REF!,2,FALSE),"") | E29: =IFERROR(VLOOKUP(B29,#REF!,9,FALSE),"")
B30: {=IFERROR(INDEX(#REF!, MATCH(1, ( COUNTIF('Verification Review Summary'!$B$18:B29,#REF!) = 0) * ("NG" =#REF!), 0)), "")} | D30: =IFERROR(VLOOKUP(B30,#REF!,2,FALSE),"") | E30: =IFERROR(VLOOKUP(B30,#REF!,9,FALSE),"")
... B53: {=IFERROR(INDEX(#REF!, MATCH(1, ( COUNTIF('Verification Review Summary'!$B$18:B52,#REF!) = 0) * ("NG" =#REF!), 0)), "")} | D53: =IFERROR(VLOOKUP(B53,#REF!,2,FALSE),"") | E53: =IFERROR(VLOOKUP(B53,#REF!,9,FALSE),"")

Sheet Verification Review Report 
E1: "Software Requirements Specification" Review Report | N1: Status of Review | R1: 판정 기준
C2: 차종/아이템 | F2: NX5/PLBM | G2: 검토 날짜 및 시간 | H2: 2026.04.09 (14:00~14:30) | N2: 검토타입 | O2: Peer Review | P2: 해당 항목 | Q2: =COUNTIF($K$36:$K$146,"OK")+COUNTIF($K$36:$K$146,"OK But") + COUNTIF($K$36:$K$146, "NG") -> 17 | R2: OK : 체크리스트 문항을 만족
C3: 검토 시점 | F3: P2 | G3: 사전 점검 여부 | H3: X | N3: ASIL | O3: A | P3: 미 해당 항목 | Q3: =COUNTIF($K$36:$K$146,"N/A") -> 64 | R3: OK But : 부적합 사항이 고객 및 관련자와의 협의가 된 상황에서 충분히 수용가능하여 조건부 만족
C4: 리뷰대상 문서명 및 버전 | F4: NX5 PLBM-Software Requirement Specification(v2.10) | N4: 준수율 | O4: =IFERROR(Q4/Q2, "0.0%") -> 1 | P4: 적합 | Q4: =COUNTIF($K$36:$K$146,"OK")+COUNTIF($K$36:$K$146,"OK But") -> 17 | R4: NG : 내용이 미비하여 체크리스트 항목을 만족하지 않는 경우
C5: 리뷰대상 문서 경로 | F5: /HMC_NX5_P-LBM/ | P5: 부적합 | Q5: =COUNTIF($K$36:$K$146,"NG") -> 0 | R5: N/A : 리뷰 시점에 체크리스트 항목이 확인되지 않는 경우 / 미적용인 경우
C6: Pre-Review Report 저장 경로 | F6: X
C7: 적용 프로세스 | F7: A-SPICE+Functional Safety | N7: * 검토 회의 시 발생한 이슈사항 작성 (결함 내용은 작성하지 않는다)
C8: 참석자 | N8: \
C9: 역할 | F9: Role | G9: Responsibility
C10: Author | F10: SW PE1(APP) | G10: 배준역 선임
C11: Reviewer | F11: SW TE(Qualification) | G11: 한승훈 책임
F12: SW PE2 (APP) | G12: 최기원 사원
F13: SW PE3(APP) | G13: 김대호 선임
F14: SW PE4(Static Verification) | G14: 권영준 사원
F15: SW PE | G15: 이호성 선임
F16: SYS PE | G16: 심정현 책임
F17: SW TE(Qualification) | G17: 한승훈 책임
F18: SW PE(BSP) | G18: 이정헌 사원
C19: Moderator (사회자)
C20: Leader (의사결정자) | F20: SW PE3(APP) | G20: 김대호 선임
C21: Recorder (기록자) | F21: SW PE2 (APP) | G21: 최기원 사원
C22: Resolution Reviewer (조치 확인자)
C25: 관련 문서명 및 버전
C26: 산출물 명 | G26: 버전
C27: NX5_PLBM-Software Development Plan | G27: v2.5
C28: NX5_PLBM-System Requirement Specification | G28: v2.11
C29: NX5_PLBM-System Design Specificaiton | G29: v2.11
C30: NX5_PLBM-Hardware Software Interface Specification | G30: v2.3
C31: Safety Mechanism List | G31: v2.3
C32: * 검토 타입이 Inspection인 경우, Moderator가 Reader 역할을 수행하고 Walkthrough인 경우, Author가 Reader 역할을 수행한다.
B35: No | C35: 체크리스트 | I35: 가능 여부 | J35: 의견 | K35: 판정 | L35: 상세 심사 내용
B36: 1 | C36: Software Development Plan 전략에 따라 개발 하였는가? -적절히 정의된 활동, Method, 가이드라인을 준수하여 개발 하였는지? | I36: X | J36: Dev Plan을 import 후 진행하는 것으로 어려움 | K36: N/A | L36: 금번 내용과 동일하며 변경 없음
B37: 2 | C37: 문서의 개발 목적이 정의되어 있으며, 다루고 있는 내용의 범위가 정확하게 기술되어 있는가? (Scope) | I37: O | J37: AI가 충분히 문서에 대한 목적과 정의를 작성할 수 있음 | K37: N/A | L37: 금번 내용과 동일하며 변경 없음
B38: 3 | C38: 문서에서 사용한 용어 및 약어에 대한 적절히 정의가 적절히 정의되어 있는가? (Terms and Abbreviations) - 문서에 작성된 용어 및 약어에 대해 적절히 정의되고 설명 작성 여부 확인 | I38: O | J38: 문서의 작성된 약어를 명기할 수 있음 | K38: N/A | L38: 금번 내용과 동일하며 변경 없음
B39: 4 | C39: Software Requirement Specification 문서 개발에 필요한 모든 참조 대상 문서가 식별되어 적절히 정의되어 있는가? (Reference) - 문서이름, 설명, 버전 및 날짜가 누락없이 참조한 모든 문서를 정의하였는가? - 문서 개발 시 참조한 문서가 최신 버전 상태를 유지하고 있는가? 단, 최신 버전과 구 버전의 참조 내용이 차이가 없는 경우 구 버전 참조 가능함 | I39: x | J39: 최신자 문서를 import해야함. | K39: OK | L39: 상위 문서의 최신 버전을 참조함
B40: 5 | C40: System Requirement Specifiaction에서 SW로 할당한 기능/안전 기능과 Software Diagram에 적절히 정의된 SW Function List, SW Safety Function List가 일관성을 유지 하는가? (Software Diagram) -누락 여부 -불필요한 기능은 없는지? -SW Function/SW Safety Function -비기능의 경우, 그 속성에 따라 표현 되지 않을 수 있다(법률, 성능 등) | I40: O | J40: 일치성 확인은 가능 | K40: N/A | L40: 금번 내용과 동일하며 변경 없음
B41: 6 | C41: System Design Specification에서 적절히 정의된 System Architecture를 기반으로 Software Context Diagram이 일관성있게 적절히 정의 되었는가? (Software Diagram) -누락 여부 -Element, HW-SW Interface의 일관성 -잘못된 적절히 정의는 없는지 | I41: O | J41: 누락여부 정도는 확인 가능 | K41: N/A | L41: 금번 내용과 동일하며 변경 없음
B42: 7 | C42: SW Function List를 기반으로 SW Element가 SW Context Diagram에 모두 적절히 정의되어 있는가? (Software Diagram) | I42: O | J42: 누락여부 정도는 확인 가능 | K42: N/A | L42: 금번 내용과 동일하며 변경 없음
B43: 8 | C43: SW Safety Function List를 기반으로 SW Element가 SW Context Diagram에 모두 적절히 정의되어 있는가? (Software Diagram) | I43: O | J43: 정의도 작성가능으로 보입니다 | K43: N/A | L43: 금번 내용과 동일하며 변경 없음
B44: 9 | C44: 소프트웨어 기능의 Risk 등급이 SW Function Risk Analysis 통해 도출된 결과를 기반으로 작성되어 있는가? (Software Diagram) | I44: X | J44: Function Risk Analysis를 수행하고 그대로 가지고 오는 것이기 때문에 AI가 작성할 이유는 없어 보입니다. Analysis는 설계자의 의견이 반영되어야 합니다. | K44: N/A | L44: 금번 내용과 동일하며 변경 없음
B45: 10 | C45: 소프트웨어 수준으로 적절히 정의된 안전기능의 ASIL 등급이 상위 문서(시스템 요구사항 명세서)에서 적절히 정의된 등급을 상속하고 있는가? (Software Diagram) | I45: O | J45: 의견이 아닌 상속, 추적성 부분은 AI가 검토하는 것이 가능하고 효율적일 것 같습니다. | K45: N/A | L45: 금번 내용과 동일하며 변경 없음
B46: 11 | C46: 시스템 요구사항에서 식별한 상태 천이도를 기반으로 소프트웨어 수준에서의 상태 및 천이도를 적절히 정의하였는가? (State Transition Diagram) | I46: △ | J46: 상태천이도는 설계자 의견이 반영 되어야 합니다. Safety Mode라던지 AI가 선 작업 후 수정하는 것도 방법 중 하나인 것 같습니다. | K46: N/A | L46: 금번 내용과 동일하며 변경 없음
B47: 12 | C47: 각 State Requirement에 대한 항목은 소프트웨어 상태 천이도를 기반으로 누락없이 적절히 작성되어 었는가? (State Requirements) | I47: O | J47: 누락여부 정도는 확인 가능 | K47: N/A | L47: 금번 내용과 동일하며 변경 없음
... B91: 56 | C91: 각 Non-Functional Requirements는 상위 요구사항과의 양방향 추적성을 확보하였는가? (Non-Functional Requirements) * 상위 요구사항 : System Requirements Specification 內, SW Allocation된 Requirment | I91: O | J91: 추적성은 AI 검토 가능 | K91: N/A | L91: 금번 내용과 동일하며 변경 없음
A92: ㅏ | B92: 57 | C92: 각 Non-Functional Requirements는 상위 요구사항과의 일관성을 확보하였는가? (Non-Functional Requirements) * 상위 요구사항 : System Requirements Specification 內, SW Allocation된 Requirment - Traceability Rule_v4.0 기준대로 추적되어있는 상위 요구사항과의 일관성 점검이 잘못된 부분이 없는지 확인 | I92: O | J92: 추적성은 AI 검토 가능 | K92: N/A | L92: 금번 내용과 동일하며 변경 없음
B93: 58 | C93: 각 Non-Functional Requirements 요구사항은 논리적 오류나 모순이 없고, 명확하게 작성되어 있는가? (Correctness) - 서로 다른 요구사항 간에 논리적인 충돌이나 상반되는 내용이 없는지 확인한다. - 추상적인 표현(예: "빠르게", "안정적으로") 없이 명확한 기준이 제시되어 있는지 확인한다. - 상기 내용을 확인하여 요구사항 내 Correctness가 모두 Y로 기재되었는지 확인한다. - 상위 요구사항이 없는 경우 N/A로 작성되었는지 확인 - 상위 요구사항과 시스템 요구사항 간에 일관성 점검이 잘못된 부분이 없는지 확인 | I93: O | J93: 다른 항목은 잘 모르겠습니다. 하지만 Non-Functinal Requirement는 해당 부분이 가능하다고 생각합니다. 이유는 시스템에서 명기하고 있는 내용이 비슷하게 SW 요구사항에 적히기 때문입니다. | K93: N/A | L93: 금번 내용과 동일하며 변경 없음
B94: 59 | C94: 요구사항의 기술 구현 가능성에 대해 검토하였는가? (Non-Functional Requirements) - 요구사항 마다 Feasibility 모두 Yes 인지 확인 - Conditional Yes로 작성된 경우 적절한 사유를 확인 - N/A로 작성된 경우 적절한 사유를 확인 - 하위단계 전개를 위한 기술 구현 가능성 점검이 잘못된 부분이 없는지 확인 | I94: X | J94: 설계자 의견이 필요합니다. | K94: OK | L94: "Technical Feasibility" Sheet 분석 내용 참고
B95: 60 | C95: 각 요구사항의 Verification Method (Test or Review)에 대한 관련 검증 담당자의 검토 결과는 문제 없는가? (Non-Functional Requirements) -검증 담당자와 Verification Reivew시 검증 밥법에 대해 모두 합의 필요 *관련 담당자 - SW PE(APP) : Verification-Review 담당 - SW TE(Qualification) : Verification-Requirement Test 담당 | I95: X | J95: 검증 담당자의 의견이 필요할 것 같습니다. 해당 부분은 리뷰를 통해서 검증 담당자가 확인 가능하다고 하면 PASS되는 항목 입니다. | K95: N/A | L95: 금번 내용과 동일하며 변경 없음
B96: 61 | C96: 각 Non-Functional Requirement는 관련된 시스템 요구사항서에서 SW로 할당된 요구사항을 기반으로 누락없이 적절히 작성되어 있는가? (Non-Functional Requirements) - 필요한 비 기능 요구사항이 누락되어 있는것이 없는지 확인 - 이 외 추가 고려 필요한 타입이 있다면 별도 항목으로 식별 하였는지 확인 | I96: O | J96: 추적성은 AI 검토 가능 | K96: N/A | L96: 금번 내용과 동일하며 변경 없음
B97: 62 | C97: 각 Safety Functional Requirements의 Contents는 빠짐없이 정의 되어 있고, 요구사항 작성에 필요한 속성을 모두 만족하였는가? (Safety Functional Requirements) - 모든 사람에게 동일한 의미로 해석되고, 단일 의미만 전달하도록 작성하였는가? (Unambiguous, Atomic) - 누구나 쉽게 이해할 수 있도록 작성하였는가? (Comprehensible) - 요구사항 구현에 필요한 정보가 빠짐없이 작성되었으며 불필요한 시스템 요구사항이 있는가? Ex. FHTI, Fault 정보, 입력조건, 판단기준 (Complete) - 각 요구사항이 단일 목적을 가지게 작성 되었는가?(Atomic) - Verification Method (Test/ Review)에 따른 Pass/Fail 판정을 위한 기준이 요구사항에 충분히 작성되어 있는지 확인 (Verifiable) | I97: O | J97: 다른 항목은 잘 모르겠습니다. 하지만 Non-Functinal Requirement는 해당 부분이 가능하다고 생각합니다. 이유는 시스템에서 명기하고 있는 내용이 비슷하게 SW 요구사항에 적히기 때문입니다. | K97: N/A | L97: 금번 내용과 동일하며 변경 없음
B98: 63 | C98: 각 Safety Functional Requirements는 상위 요구사항과의 양방향 추적성을 확보하였는가? (Safety Functional Requirements) * 상위 요구사항 : System Requirements Specification 內, SW Allocation된 Requirment System Desgin Specification 內, SW Allocation된 Requirment | I98: O | J98: 추적성은 AI 검토 가능 | K98: N/A | L98: 금번 내용과 동일하며 변경 없음
B99: 64 | C99: 각 Safety Requirement은 Software Diagram 절의 SW Safety Function List 및 관련된 시스템 요구사항, Safety Mechanism List와 일관성 있게 작성되어 있는가? (Safety Functional Requirements) * 상위 요구사항 : System Requirements Specification 內, SW Allocation된 Requirment System Desgin Specification 內, SW Allocation된 Requirment - 기능의 분류 - 각 요구사항의 상위 요구사항과 일관성 - Detection + Reaction 또는 Prevention 형태 - Traceability Rule_v4.0 기준대로 추적되어있는 상위 요구사항과의 일관성 점검이 잘못된 부분이 없는지 확인 | I99: O | J99: 추적성은 AI 검토 가능 | K99: N/A | L99: 금번 내용과 동일하며 변경 없음
B100: 65 | C100: 각 Safety Requirement 요구사항은 논리적 오류나 모순이 없고, 명확하게 작성되어 있는가? (Correctness) - 서로 다른 요구사항 간에 논리적인 충돌이나 상반되는 내용이 없는지 확인한다. - 추상적인 표현(예: "빠르게", "안정적으로") 없이 명확한 기준이 제시되어 있는지 확인한다. - 상기 내용을 확인하여 요구사항 내 Correctness가 모두 Y로 기재되었는지 확인한다. - 상위 요구사항이 없는 경우 N/A로 작성되었는지 확인 - 상위 요구사항과 시스템 요구사항 간에 일관성 점검이 잘못된 부분이 없는지 확인 | I100: X | J100: 설계자 의견이 필요합니다. | K100: N/A | L100: 금번 내용과 동일하며 변경 없음
B101: 66 | C101: 요구사항의 기술 구현 가능성에 대해 검토하였는가? (Safety Functional Requirements) - 요구사항 마다 Feasibility 모두 Yes 인지 확인 - 하위단계 전개를 위한 기술 구현 가능성 점검이 잘못된 부분이 없는지 확인 - FHTI가 구현가능하도록 작성되어 있는지 확인 | I101: X | J101: 설계자 의견이 필요합니다. | K101: OK | L101: "Technical Feasibility" Sheet 분석 내용 참고
B102: 67 | C102: 각 요구사항의 Verification Method (Test or Review)에 대한 관련 검증 담당자의 검토 결과는 문제 없는가? (Safety Functional Requirements) -검증 담당자와 Verification Reivew시 검증 밥법에 대해 모두 합의 필요 *관련 담당자 - SW PE(APP) : Verification-Review 담당 - SW TE(Qualification) : Verification-Requirement Test 담당 | I102: X | J102: 검증 담당자의 의견이 필요할 것 같습니다. 해당 부분은 리뷰를 통해서 검증 담당자가 확인 가능하다고 하면 PASS되는 항목 입니다. | K102: N/A | L102: 금번 내용과 동일하며 변경 없음
B103: 68 | C103: 각 Safety Requirement의 FHTI는 기능안전 달성 가능 하도록 적절히 정의 되었는가? (Safety Functional Requirements) - 상위 요구사항을 만족 할 수 있도록 FHTI가 작성 되어 있는지? (시스템 기능안전 요구사항 내에 SyTSR 또는 Safety Mechanism List 내에 SM FDTI+FRTI ≥ 관련 하드웨어 안전요구사항의 FHTI + SwR_SR의 FHTI) - FHTI가 SW수준에서 설계&구현 가능한 수준인지? - FHTI를 Detection Time + Reaction Time으로 구분하여 작성 하였는지?(구분할 수 있는 경우) | I103: X | J103: 설계자 의견이 필요합니다. | K103: N/A | L103: 금번 내용과 동일하며 변경 없음
B104: 69 | C104: 각 소프트웨어 안전 요구사항의 기능안전 ASIL 등급 작성 시 아래 조건에 맞게 작성하였는가? (Safety Functional Requirements) -일반적으로 추적하는 상위 시스템 요구사항의 최고 수준의 ASIL 등급을 똑같이 유지 하되, ISO26262의 표준에 기반하여 상위 요구사항의 ASIL 등급을 Decomposition 하여 등급을 낮힐 수 있음. | I104: X | J104: 설계자 의견이 필요합니다. | K104: N/A | L104: 금번 내용과 동일하며 변경 없음
... B116: 81 | C116: 요구사항에 대해 MAN.3 프로젝트 관리(공수/비용/일정 추정) 관점에서 영향 분석을 수행하였는가? - 이슈 도출 시 NC 등록 및 조치/해결을 통해 프로젝트 관리를 지원하였는지 확인 (이슈 미도출 시 분석 수행 여부 확인) | I116: O | J116: 추적성은 AI 검토 가능 | K116: OK | L116: CR Impact Analysis 관리적 영향분석 결과를 기반으로 조치 예정일 검토 시 문제없음을 확인하였음

Sheet Traceability Report
B6: System Requirements Specification - Software Requirements Specification
B7: HSI Specification - Software Requirements Specification
B8: System Design Specification - Software Requirements Specification

Sheet Technical Feasibility
B3: State Requirements
C4: Normal Mode | D4: NQ5 PE PLBM의 캐리오버이므로 충분히 구현 가능하다.
C5: Sleep Mode | D5: NQ5 PE PLBM의 캐리오버이므로 충분히 구현 가능하다.
C6: Active Mode | D6: NQ5 PE PLBM의 캐리오버이므로 충분히 구현 가능하다.
B7: Transition Requirements
C8: Transition 1 | D8: NQ5 PE PLBM의 캐리오버이므로 충분히 구현 가능하다.
C9: Transition 2 | D9: NQ5 PE PLBM의 캐리오버이므로 충분히 구현 가능하다.
C10: Transition 3 | D10: NQ5 PE PLBM의 캐리오버이므로 충분히 구현 가능하다.
C11: Transition 4 | D11: NQ5 PE PLBM의 캐리오버이므로 충분히 구현 가능하다.
C12: Transition 5 | D12: NQ5 PE PLBM의 캐리오버이므로 충분히 구현 가능하다.
C13: Transition 7 | D13: NQ5 PE PLBM의 캐리오버이므로 충분히 구현 가능하다.
B14: Safe State Requirements
C15: 충/방전 금지(LBM 내부 온도 모니터링 유지) | D15: NQ5 PE PLBM의 캐리오버이므로 충분히 구현 가능하다.
C16: End-User Fail Warning Alert | D16: NQ5 PE PLBM의 캐리오버이므로 충분히 구현 가능하다.
C17: Safe Transition Requirements | D17: NQ5 PE PLBM의 캐리오버이므로 충분히 구현 가능하다.
C18: Transition 6 | D18: NQ5 PE PLBM의 캐리오버이므로 충분히 구현 가능하다.
C19: Transition 8 | D19: NQ5 PE PLBM의 캐리오버이므로 충분히 구현 가능하다.
C20: Transition 9 | D20: NQ5 PE PLBM의 캐리오버이므로 충분히 구현 가능하다.
B21: Interface Requirements
C22: B+_POWER_Moni | D22: NQ5 PE PLBM의 캐리오버이므로 충분히 구현 가능하다.
C23: IGN2_Moni | D23: NQ5 PE PLBM의 캐리오버이므로 충분히 구현 가능하다.
C24: DCDC_Control(ADC) | D24: NQ5 PE PLBM의 캐리오버이므로 충분히 구현 가능하다.
C25: DCDC_Control(GPIO) | D25: NQ5 PE PLBM의 캐리오버이므로 충분히 구현 가능하다.
C26: DCDC_Control(PWM) | D26: NQ5 PE PLBM의 캐리오버이므로 충분히 구현 가능하다.
C27: BTB_OnOff | D27: NQ5 PE PLBM의 캐리오버이므로 충분히 구현 가능하다.
C28: BTB_Volt | D28: NQ5 PE PLBM의 캐리오버이므로 충분히 구현 가능하다.
C29: Cell_Volt_Info | D29: NQ5 PE PLBM의 캐리오버이므로 충분히 구현 가능하다.
C30: Cell_Temp_Info | D30: NQ5 PE PLBM의 캐리오버이므로 충분히 구현 가능하다.
C31: Sum_Cur_Info | D31: NQ5 PE PLBM의 캐리오버이므로 충분히 구현 가능하다.
C32: CAN_Info_Rx | D32: NQ5 PE PLBM의 캐리오버이므로 충분히 구현 가능하다.
C33: CAN_Info_Tx | D33: NQ5 PE PLBM의 캐리오버이므로 충분히 구현 가능하다.
... C54: Reset_Info | D54: NQ5 PE PLBM의 캐리오버이므로 충분히 구현 가능하다.
B55: Functional Requirements
C56: 충전 제어 | D56: NQ5 PE PLBM의 캐리오버이므로 해당 기능의 요구사항들은 충분히 구현 가능하다.
C57: 충전 진입 조건 (30Ah) | D57: NQ5 PE PLBM의 캐리오버이므로 해당 기능의 요구사항들은 충분히 구현 가능하다.
C58: 충전 진입 조건 (주행 중 20Ah 빌트인캠 미적용) | D58: NQ5 PE PLBM의 캐리오버이므로 해당 기능의 요구사항들은 충분히 구현 가능하다.
C59: 충전 진입 조건 (주차 중 20Ah 빌트인캠 미적용) | D59: NQ5 PE PLBM의 캐리오버이므로 해당 기능의 요구사항들은 충분히 구현 가능하다.
C60: 충전 진입 조건 (주행 중20Ah BLTN ONLY 사양) | D60: NQ5 PE PLBM의 캐리오버이므로 해당 기능의 요구사항들은 충분히 구현 가능하다.
C61: 충전 진입 조건 (주차 중20Ah BLTN ONLY 사양) | D61: NQ5 PE PLBM의 캐리오버이므로 해당 기능의 요구사항들은 충분히 구현 가능하다.
C62: 충전 금지 조건 (30Ah) | D62: NQ5 PE PLBM의 캐리오버이므로 해당 기능의 요구사항들은 충분히 구현 가능하다.
C63: 충전 금지 조건 (주행 중 20Ah 빌트인캠 미적용) | D63: NQ5 PE PLBM의 캐리오버이므로 해당 기능의 요구사항들은 충분히 구현 가능하다.
C64: 충전 금지 조건 (주차 중 20Ah 빌트인캠 미적용) | D64: NQ5 PE PLBM의 캐리오버이므로 해당 기능의 요구사항들은 충분히 구현 가능하다.
C65: 충전 금지 조건 (주행 중 20Ah BLTN ONLY)(삭제) | D65: NQ5 PE PLBM의 캐리오버이므로 해당 기능의 요구사항들은 충분히 구현 가능하다.
C66: 충전 금지 조건 (주차 중 20Ah BLTN ONLY) | D66: NQ5 PE PLBM의 캐리오버이므로 해당 기능의 요구사항들은 충분히 구현 가능하다.
C67: 충전 제어 시퀀스 (30Ah) | D67: NQ5 PE PLBM의 캐리오버이므로 해당 기능의 요구사항들은 충분히 구현 가능하다.
... C159: 배터리 팩 DOOR, SBCM 방전 과전류 보호 | D159: NQ5 PE PLBM의 캐리오버이므로 해당 기능의 요구사항들은 충분히 구현 가능하다.
B160: NON-Functional Requirements
C161: Design Requirements | D161: NQ5 PE PLBM의 캐리오버이므로 해당 비기능의 요구사항에 따라 충분히 구현 가능하다.
C162: Environmental and Reliability Requirements | D162: NQ5 PE PLBM의 캐리오버이므로 해당 비기능의 요구사항에 따라 충분히 구현 가능하다.
C163: Regulation Requirements | D163: NQ5 PE PLBM의 캐리오버이므로 해당 비기능의 요구사항에 따라 충분히 구현 가능하다.
C164: Physical Requirements | D164: NQ5 PE PLBM의 캐리오버이므로 해당 비기능의 요구사항에 따라 충분히 구현 가능하다.
C165: Performance Requirements | D165: NQ5 PE PLBM의 캐리오버이므로 해당 비기능의 요구사항에 따라 충분히 구현 가능하다.
C166: Diagnostic Requirements | D166: NQ5 PE PLBM의 캐리오버이므로 해당 비기능의 요구사항에 따라 충분히 구현 가능하다.
C167: ES Spec Requirements | D167: NQ5 PE PLBM의 캐리오버이므로 해당 비기능의 요구사항에 따라 충분히 구현 가능하다.
B168: Safety Functional Requirements
C169: B+ 전원 이상 감지 | D169: NQ5 PE PLBM의 캐리오버이므로 해당 안전 기능의 요구사항들은 충분히 구현 가능하다.
C170: Internal 전원 이상 감지 | D170: NQ5 PE PLBM의 캐리오버이므로 해당 안전 기능의 요구사항들은 충분히 구현 가능하다.
C171: 전압, 전류, 온도 센서 고장 감지 | D171: NQ5 PE PLBM의 캐리오버이므로 해당 안전 기능의 요구사항들은 충분히 구현 가능하다.
C172: 전압 센서 고장 감지 | D172: NQ5 PE PLBM의 캐리오버이므로 해당 안전 기능의 요구사항들은 충분히 구현 가능하다.
C173: 전류 센서 고장 감지 | D173: NQ5 PE PLBM의 캐리오버이므로 해당 안전 기능의 요구사항들은 충분히 구현 가능하다.
C174: 온도 센서 고장 감지 | D174: NQ5 PE PLBM의 캐리오버이므로 해당 안전 기능의 요구사항들은 충분히 구현 가능하다.
C175: SPI Fault Monitoring | D175: NQ5 PE PLBM의 캐리오버이므로 해당 안전 기능의 요구사항들은 충분히 구현 가능하다.
C176: 배터리 팩 과전류 보호 | D176: NQ5 PE PLBM의 캐리오버이므로 해당 안전 기능의 요구사항들은 충분히 구현 가능하다.
C177: Cell Balancing 제어 | D177: NQ5 PE PLBM의 캐리오버이므로 해당 안전 기능의 요구사항들은 충분히 구현 가능하다.
C178: PLBM 내부 과온 이상 감지 | D178: NQ5 PE PLBM의 캐리오버이므로 해당 안전 기능의 요구사항들은 충분히 구현 가능하다.
C179: 배터리 과전압 고장 감지 | D179: NQ5 PE PLBM의 캐리오버이므로 해당 안전 기능의 요구사항들은 충분히 구현 가능하다.
C180: 배터리 셀 과전압 고장 감지 | D180: NQ5 PE PLBM의 캐리오버이므로 해당 안전 기능의 요구사항들은 충분히 구현 가능하다.
... C190: 배터리 팩 Door 방전 과전류 보호 | D190: 추가된 신규 기능에 대해 현재 아키텍처 및 상세 설계 구조에서 변경하여 구현 가능하다.
B191: Non-Functional Safety Requirements | D191: NQ5 PE PLBM의 캐리오버이므로 해당 안전 비기능의 안전 요구사항들에 따라 충분히 구현 가능하다.
